{"Factory_Birmingham_PL2_1_Transform": {"1": 235.0, "2": 235.0, "3": 195.0, "4": 155.0, "5": 115.0, "6": 75.0, "7": 35.0}, "Factory_Birmingham_PL2_2_Transform": {"1": 262.0, "2": 262.0, "3": 222.0, "4": 182.0, "5": 142.0, "6": 102.0, "7": 62.0, "8": 11.473684210526317}, "Factory_Birmingham_PL2_3_Transform": {"1": 232.0, "2": 232.0, "3": 192.0, "4": 152.0, "5": 112.0, "6": 72.0, "7": 32.0}, "Factory_Chengdu_PL3_1_Transform": {"1": 406.0, "2": 406.0, "3": 366.0, "4": 326.0, "5": 296.0, "6": 266.0, "7": 236.0, "8": 206.0, "9": 176.0, "10": 146.0, "11": 116.0, "12": 86.0, "13": 56.0, "14": 26.0, "15": 6.0}, "Factory_Chengdu_PL3_2_Transform": {"1": 448.0, "2": 448.0, "3": 408.0, "4": 368.0, "5": 338.0, "6": 308.0, "7": 278.0, "8": 248.0, "9": 218.0, "10": 188.0, "11": 158.0, "12": 128.0, "13": 98.0, "14": 68.0, "15": 48.0, "16": 28.0, "17": 8.0}, "Factory_Chengdu_PL3_3_Transform": {"1": 410.0, "2": 410.0, "3": 370.0, "4": 330.0, "5": 300.0, "6": 270.0, "7": 240.0, "8": 210.0, "9": 172.0, "10": 134.0, "11": 96.0, "12": 58.0, "13": 20.0}, "Factory_Fortaleza_PL5_1_Transform": {"1": 257.0, "2": 257.0, "3": 257.0, "4": 257.0, "5": 257.0, "6": 257.0, "7": 257.0, "8": 257.0, "9": 257.0, "10": 257.0, "11": 257.0, "12": 257.0, "13": 257.0, "14": 257.0, "15": 257.0, "16": 257.0, "17": 257.0, "18": 257.0, "19": 257.0, "20": 257.0, "21": 225.0, "22": 193.0, "23": 161.0, "24": 114.66666666666666, "25": 66.66666666666666, "26": 18.666666666666657}, "Factory_Fortaleza_PL5_2_Transform": {"1": 313.0, "2": 313.0, "3": 313.0, "4": 313.0, "5": 313.0, "6": 313.0, "7": 313.0, "8": 313.0, "9": 313.0, "10": 313.0, "11": 313.0, "12": 313.0, "13": 313.0, "14": 313.0, "15": 313.0, "16": 313.0, "17": 313.0, "18": 313.0, "19": 313.0, "20": 313.0, "21": 281.0, "22": 249.0, "23": 217.0, "24": 184.0, "25": 136.0, "26": 88.0, "27": 40.0}, "Factory_Fortaleza_PL5_3_Transform": {"1": 295.0, "2": 295.0, "3": 295.0, "4": 295.0, "5": 295.0, "6": 295.0, "7": 295.0, "8": 295.0, "9": 295.0, "10": 295.0, "11": 295.0, "12": 295.0, "13": 295.0, "14": 295.0, "15": 295.0, "16": 295.0, "17": 295.0, "18": 295.0, "19": 295.0, "20": 295.0, "21": 263.0, "22": 231.0, "23": 199.0, "24": 152.66666666666666, "25": 104.66666666666666, "26": 56.66666666666666, "27": 8.666666666666657}, "Factory_Seattle_PL1_1_Transform": {"1": 109.0, "2": 109.0, "3": 109.0, "4": 109.0, "5": 109.0, "6": 109.0, "7": 77.0, "8": 45.0, "9": 13.0}, "Factory_Seattle_PL1_2_Transform": {"1": 127.0, "2": 127.0, "3": 127.0, "4": 127.0, "5": 127.0, "6": 127.0, "7": 95.0, "8": 63.0, "9": 31.0}, "Factory_Seattle_PL1_3_Transform": {"1": 105.0, "2": 105.0, "3": 105.0, "4": 105.0, "5": 105.0, "6": 105.0, "7": 73.0, "8": 41.0, "9": 9.0}, "Supplier_Mexico_Sp1_1_Supply": {"1": 1063.0, "2": 871.0, "3": 679.0, "4": 487.0, "5": 295.0, "6": 103.0}, "Supplier_Mexico_Sp1_2_Supply": {"1": 352.0, "2": 288.0, "3": 224.0, "4": 160.0, "5": 96.0, "6": 32.0}, "Supplier_Mexico_Sp1_3_Supply": {"1": 395.0, "2": 331.0, "3": 267.0, "4": 203.0, "5": 139.0, "6": 75.0, "7": 11.0}, "Supplier_Mexico_Sp1_4_Supply": {"1": 352.0, "2": 288.0, "3": 224.0, "4": 160.0, "5": 96.0, "6": 32.0}, "Supplier_Mumbai_Sp2_1_Supply": {"1": 1753.0, "2": 1513.0, "3": 1303.0, "4": 1093.0, "5": 883.0, "6": 673.0, "7": 463.0, "8": 253.0, "9": 43.0}, "Supplier_Mumbai_Sp2_2_Supply": {"1": 545.0, "2": 449.0, "3": 363.0, "4": 277.0, "5": 191.0, "6": 105.0, "7": 19.0}, "Supplier_Mumbai_Sp2_3_Supply": {"1": 614.0, "2": 518.0, "3": 432.0, "4": 346.0, "5": 260.0, "6": 174.0, "7": 88.0, "8": 2.0}, "Supplier_Mumbai_Sp2_4_Supply": {"1": 546.0, "2": 450.0, "3": 364.0, "4": 278.0, "5": 192.0, "6": 106.0, "7": 20.0}}